{
  "0.978844366443232": { "user_id": 1 },
  "0.2928251647902662": { "user_id": 2 }
}
